{
	"info":			"Строки с _START_-й по _END_-ю из _TOTAL_ всего",
	"infoEmpty":	"Строки с 0 до 0 из 0 всего",
	"infoFiltered":	"(из _MAX_ строк)",
	"infoPostFix":	"",
	"lengthMenu":	"Показать _MENU_ записей",
	"processing":	"Подождите...",
	"search":		"Найти:",
	"zeroRecords":	"Ничего не найдено.",
	"paginate": {
		"first":	"Страницы Ι◄",
		"previous":	"◄",
		"next":		"►",
		"last":		"►Ι"
	},
	"aria": {
		"sortAscending":	": активировать для сортировки столбца по возрастанию",
		"sortDescending":	": активировать для сортировки столбцов по убыванию"
	},
	"decimal":		",",
	"thousands":	"."
}
